{
  "capabilities":
      [
        {
            "browserName": "Chrome",
            "version":"4.2",
            "maxInstances": 1,
            "platform":"ANDROID"
        }
      ],
  "configuration":
  {
    "cleanUpCycle":2000,
    "timeout":30000,
    "proxy": "org.openqa.grid.selenium.proxy.DefaultRemoteProxy",
    "host": "192.168.1.84",
    "port": 4723,
    "maxSession": 1,
    "register": true,
    "registerCycle": 5000,
    "hubPort": 4444,
    "hubHost": "192.168.1.84"
  }
}