{
  "capabilities":
      [
        {
          "browserName": "internet explorer",
          "maxInstances": 1,
          "seleniumProtocol": "WebDriver",
          "platform":"WINDOWS"
        },
        {
          "browserName": "firefox",
          "maxInstances": 1,
          "seleniumProtocol": "WebDriver",
          "platform":"WINDOWS"
        },         
        {
          "browserName": "chrome",
          "maxInstances": 5,
          "seleniumProtocol": "WebDriver",
          "platform":"WINDOWS"
        },        
        {
          "browserName": "operaBlink",
          "maxInstances": "5",
          "version": "ANY",
          "platform":"ANY"
        }
      ],
  "configuration":
  {
    "proxy": "org.openqa.grid.selenium.proxy.DefaultRemoteProxy",
    "maxSession": 5,
    "port": 5556,
    "host": ip,
    "register": true,
    "registerCycle": 5000,
    "hubPort": 4444,
    "hubHost": ip
  }
}